id,question
push-up-001,What are some effective bodyweight exercises I can do to strengthen my chest?
push-up-001,Can you explain how to properly perform a push-up in detail?
push-up-001,What muscle groups are activated when I do push-ups?
push-up-001,"Do push-ups require any equipment, and how do I set up for them?"
push-up-001,What is the correct form for doing a push-up to avoid injury?
bodyweight-squat-002,What is a good bodyweight exercise for strengthening my legs without any equipment?
bodyweight-squat-002,Can you provide instructions on how to perform a bodyweight squat effectively?
bodyweight-squat-002,What muscle groups are targeted when doing bodyweight squats?
bodyweight-squat-002,What are the proper form and technique for performing bodyweight squats?
bodyweight-squat-002,"Is the bodyweight squat considered a compound exercise, and how does it benefit my fitness routine?"
plank-003,What is a good isometric exercise I can do to strengthen my core without any equipment?
plank-003,Can you provide me with instructions on how to properly perform a plank?
plank-003,What muscle groups are activated when doing a plank exercise?
plank-003,"Is the plank considered a strength training exercise, and if so, why?"
plank-003,How should my body be positioned when performing a plank to ensure proper form?
lunges-004,What are the correct instructions for performing a Forward Lunge?
lunges-004,Can you tell me which muscles are activated when doing a Forward Lunge?
lunges-004,"What type of exercise is a Forward Lunge, and do I need any equipment for it?"
lunges-004,How do I properly execute a Forward Lunge to ensure I'm using the right form?
lunges-004,What body parts does the Forward Lunge target when incorporated into my workout routine?
jumping-jacks-005,What is a great cardio exercise that requires no equipment and can work my full body?
jumping-jacks-005,Can you give me instructions on how to perform Jumping Jacks effectively for a workout?
jumping-jacks-005,What muscle groups are activated when doing Jumping Jacks?
jumping-jacks-005,I want to incorporate a compound exercise into my routine—how do I properly do Jumping Jacks?
jumping-jacks-005,What are the key benefits of doing Jumping Jacks as part of my cardio workout?
glute-bridge-006,What is the best bodyweight exercise to target my glutes without any equipment?
glute-bridge-006,Can you give me a detailed description of how to properly perform a glute bridge?
glute-bridge-006,Which exercise effectively engages both my glutes and hamstrings during strength training?
glute-bridge-006,What are the key muscle groups activated when doing a glute bridge?
glute-bridge-006,How should I position my body when executing a glute bridge for maximum effectiveness?
pull-up-007,What are the proper instructions for performing a pull-up effectively?
pull-up-007,Which muscle groups are activated when doing pull-ups?
pull-up-007,What type of equipment do I need to perform pull-ups?
pull-up-007,"Is a pull-up considered a compound exercise, and if so, why?"
pull-up-007,Can you tell me which body part is the primary focus when I do pull-ups?
bicep-curl-008,What is the correct technique for performing a Dumbbell Bicep Curl?
bicep-curl-008,Which muscles are activated when I do a Dumbbell Bicep Curl?
bicep-curl-008,Can you explain how to set up and execute a strength exercise for my arms?
bicep-curl-008,What type of equipment do I need for a Dumbbell Bicep Curl?
bicep-curl-008,"Is the Dumbbell Bicep Curl an isolation exercise, and how should I perform it?"
shoulder-press-009,What is the proper way to perform a Dumbbell Shoulder Press?
shoulder-press-009,Which muscle groups are targeted when doing the Dumbbell Shoulder Press?
shoulder-press-009,Can you explain the steps to execute a Dumbbell Shoulder Press safely?
shoulder-press-009,"Is the Dumbbell Shoulder Press considered a compound exercise, and if so, why?"
shoulder-press-009,What equipment do I need to do the Dumbbell Shoulder Press effectively?
bench-press-010,What is the correct way to perform a Barbell Bench Press?
bench-press-010,Which muscle groups are activated when I do a Barbell Bench Press?
bench-press-010,Can you provide me with instructions for the Barbell Bench Press exercise?
bench-press-010,What type of equipment do I need for a Barbell Bench Press?
bench-press-010,Is the Barbell Bench Press considered a compound exercise?
deadlift-011,What are the proper techniques for performing a conventional deadlift safely and effectively?
deadlift-011,Which muscle groups do I engage when doing a conventional deadlift?
deadlift-011,What type of equipment do I need for a conventional deadlift workout?
deadlift-011,Can you explain how to position my body and grip when setting up for a conventional deadlift?
deadlift-011,"Is the conventional deadlift considered a compound exercise, and if so, why?"
barbell-squat-012,What are some effective strength exercises I can do to target my legs?
barbell-squat-012,Can you provide detailed instructions on how to perform a barbell back squat correctly?
barbell-squat-012,What muscle groups are activated when doing a barbell back squat?
barbell-squat-012,What equipment do I need to perform a compound leg exercise?
barbell-squat-012,How should I position myself when setting up for a barbell back squat?
romanian-deadlift-013,What is the Romanian Deadlift and how do I perform it correctly?
romanian-deadlift-013,Which equipment do I need to do the Romanian Deadlift exercise?
romanian-deadlift-013,What muscle groups are targeted when I do Romanian Deadlifts?
romanian-deadlift-013,Can you provide a step-by-step guide on how to execute the Romanian Deadlift?
romanian-deadlift-013,Is the Romanian Deadlift considered a compound exercise and what are its benefits?
lat-pulldown-014,What are the key instructions for performing the Lat Pulldown exercise correctly?
lat-pulldown-014,Which muscle groups are activated when doing a Lat Pulldown workout?
lat-pulldown-014,Can you describe the proper technique for using a lat pulldown machine?
lat-pulldown-014,What equipment do I need to perform the Lat Pulldown exercise effectively?
lat-pulldown-014,"Is the Lat Pulldown considered a compound exercise, and what does that mean?"
leg-press-015,"What is the leg press exercise, and how do I perform it correctly?"
leg-press-015,Which muscle groups are targeted when using the leg press machine?
leg-press-015,Can you provide instructions for using the leg press machine effectively?
leg-press-015,"Is the leg press considered a compound exercise, and why?"
leg-press-015,"What type of equipment do I need to perform the leg press, and what should I keep in mind while exercising?"
chest-fly-016,What is the proper technique for using the Machine Chest Fly for chest workouts?
chest-fly-016,Can you explain how to effectively perform a Machine Chest Fly exercise?
chest-fly-016,What muscles are targeted when doing the Machine Chest Fly?
chest-fly-016,What equipment do I need to perform the Machine Chest Fly exercise?
chest-fly-016,Are there specific instructions I should follow for the Machine Chest Fly to ensure proper form?
leg-extension-017,What is the correct way to perform the leg extension exercise on a machine?
leg-extension-017,Can you explain the muscle groups that are activated during the leg extension?
leg-extension-017,What type of exercise is the leg extension and how does it benefit my legs?
leg-extension-017,What equipment do I need to do a leg extension and how should I set it up?
leg-extension-017,Are there specific instructions to follow while using the leg extension machine for optimal effectiveness?
hamstring-curl-018,What is the Seated Hamstring Curl exercise and how is it performed?
hamstring-curl-018,Which muscle groups are targeted by the Seated Hamstring Curl?
hamstring-curl-018,Can you explain the correct technique for using the hamstring curl machine?
hamstring-curl-018,What type of exercise is the Seated Hamstring Curl and what equipment do I need?
hamstring-curl-018,Why is the Seated Hamstring Curl considered an isolation exercise for the hamstrings?
seated-row-019,What is the correct form for performing a Seated Cable Row?
seated-row-019,Can you explain which muscle groups are activated during the Seated Cable Row exercise?
seated-row-019,What type of equipment do I need to perform the Seated Cable Row?
seated-row-019,"Is the Seated Cable Row considered a compound exercise, and why?"
seated-row-019,What are the step-by-step instructions for doing a Seated Cable Row properly?
dips-020,What are some effective strength exercises that target the chest and triceps?
dips-020,Can you explain how to properly perform a Parallel Bar Dip for my workout routine?
dips-020,What muscle groups are activated when doing a Parallel Bar Dip?
dips-020,What equipment do I need for a Parallel Bar Dip and how should I use it?
dips-020,How can I adjust my form in a Parallel Bar Dip to focus more on my chest or triceps?
mountain-climber-021,What is the Mountain Climber exercise and how do I perform it effectively?
mountain-climber-021,Can you provide me with instructions on how to do a Mountain Climber workout?
mountain-climber-021,Which muscles are targeted when doing Mountain Climbers as part of my cardio routine?
mountain-climber-021,"Is the Mountain Climber exercise equipment-free, and how does it impact my core?"
mountain-climber-021,"What type of exercise is Mountain Climber, and what are its benefits for my overall fitness?"
burpee-022,What are the steps to perform a burpee correctly?
burpee-022,"What type of workout is a burpee considered, and what muscles does it target?"
burpee-022,"Can you provide me with some details about the burpee exercise, including the equipment needed?"
burpee-022,What body parts are activated when doing burpees and how do they benefit a full-body workout?
burpee-022,"Is the burpee a compound exercise, and how does it fit into a cardio routine?"
sit-up-023,What are the correct instructions for performing a sit-up safely and effectively?
sit-up-023,Can you explain the main muscle groups that are activated when doing sit-ups?
sit-up-023,"What type of equipment do I need to do a sit-up, and is it effective for core strength?"
sit-up-023,"Is the sit-up considered a compound exercise, and how does it benefit my core muscles?"
sit-up-023,How should I position my body when I do a sit-up to ensure I’m engaging my core correctly?
russian-twist-024,What are some effective bodyweight exercises I can do to target my core muscles?
russian-twist-024,How can I properly perform a Russian Twist to engage my obliques and rectus abdominis?
russian-twist-024,"What equipment do I need for strength exercises focused on the core, specifically for the Russian Twist?"
russian-twist-024,Can you explain the correct form and technique for doing a Russian Twist without any weights?
russian-twist-024,Which muscle groups are activated when doing a Russian Twist as part of my workout routine?
calf-raise-025,What is a good bodyweight exercise to strengthen my calves without using any equipment?
calf-raise-025,Can you explain how to properly perform a standing calf raise for maximum effectiveness?
calf-raise-025,What muscle groups are activated when performing a standing calf raise?
calf-raise-025,Could you provide a step-by-step guide on how to do a standing calf raise correctly?
calf-raise-025,"What type of exercise is a standing calf raise, and what part of the body does it target?"
lateral-raise-026,What is a good strength exercise I can do to target my shoulders using dumbbells?
lateral-raise-026,Can you explain the proper technique for performing a dumbbell lateral raise?
lateral-raise-026,What muscle groups are activated when I do a lateral raise with dumbbells?
lateral-raise-026,What equipment do I need to perform an isolation exercise for my shoulders?
lateral-raise-026,How should I position my arms and body when doing a dumbbell lateral raise to avoid injury?
rear-delt-fly-027,What is the Dumbbell Rear Delt Fly exercise and how does it target the shoulder muscles?
rear-delt-fly-027,Can you explain the correct technique for performing the Dumbbell Rear Delt Fly to avoid injury?
rear-delt-fly-027,What equipment do I need to perform the Dumbbell Rear Delt Fly exercise effectively?
rear-delt-fly-027,Which muscle groups are activated when doing the Dumbbell Rear Delt Fly and what are its benefits?
rear-delt-fly-027,Could you provide step-by-step instructions on how to perform the Dumbbell Rear Delt Fly correctly?
tricep-pushdown-028,What is the Cable Tricep Pushdown exercise and what equipment do I need for it?
tricep-pushdown-028,Can you explain how to perform the Cable Tricep Pushdown correctly?
tricep-pushdown-028,What are the primary muscle groups targeted by the Cable Tricep Pushdown?
tricep-pushdown-028,"Is the Cable Tricep Pushdown an isolation exercise, and if so, which body parts does it focus on?"
tricep-pushdown-028,What are the proper steps to ensure I perform the Cable Tricep Pushdown safely and effectively?
overhead-tricep-extension-029,What are the steps to perform an Overhead Dumbbell Tricep Extension exercise safely and effectively?
overhead-tricep-extension-029,Which muscle groups are activated during the Overhead Dumbbell Tricep Extension?
overhead-tricep-extension-029,Can you explain the type of equipment and exercise type used for the Overhead Dumbbell Tricep Extension?
overhead-tricep-extension-029,What body parts does the Overhead Dumbbell Tricep Extension primarily target?
overhead-tricep-extension-029,How do I perform the Overhead Dumbbell Tricep Extension using dumbbells?
farmer-carry-030,What are the main muscle groups worked during a Farmer's Carry exercise?
farmer-carry-030,Can you explain how to properly perform a Farmer's Carry with dumbbells?
farmer-carry-030,"What type of fitness activity is the Farmer's Carry considered, and what equipment do I need?"
farmer-carry-030,Which body parts does the Farmer's Carry target besides the forearms?
farmer-carry-030,What are the key instructions to follow for a safe and effective Farmer's Carry?
step-up-031,"What is the Step-Up exercise, and how does it help improve my leg strength?"
step-up-031,Can you explain how to properly perform the Step-Up exercise using a bench or box?
step-up-031,What muscle groups are activated when I do the Step-Up exercise?
step-up-031,"Is the Step-Up exercise considered a strength training activity, and what equipment do I need?"
step-up-031,How can I ensure I am doing the Step-Up exercise correctly to avoid injury?
hip-thrust-032,What is the proper technique for performing a Barbell Hip Thrust to maximize my glute activation?
hip-thrust-032,Can you explain the muscle groups that are engaged when I do a Barbell Hip Thrust?
hip-thrust-032,What type of equipment do I need to effectively perform the Barbell Hip Thrust exercise?
hip-thrust-032,"Is the Barbell Hip Thrust a compound exercise, and if so, what does that mean for my workout routine?"
hip-thrust-032,How should I position my body and feet during a Barbell Hip Thrust to ensure I'm using the correct form?
incline-bench-press-033,What are the steps to perform an incline dumbbell bench press correctly?
incline-bench-press-033,Which muscle groups are targeted by the incline dumbbell bench press exercise?
incline-bench-press-033,Can you explain the proper technique and form for the incline dumbbell bench press?
incline-bench-press-033,What type of equipment do I need to do the incline dumbbell bench press?
incline-bench-press-033,"Is the incline dumbbell bench press primarily a strength exercise, and what body parts does it work?"
assisted-pull-up-034,What are the steps involved in using the Assisted Pull-Up Machine effectively?
assisted-pull-up-034,Which muscle groups are targeted when performing exercises on the Assisted Pull-Up Machine?
assisted-pull-up-034,Can you explain how to properly set up and use the Assisted Pull-Up Machine for strength training?
assisted-pull-up-034,"What type of exercise is the Assisted Pull-Up Machine, and which body part does it primarily work on?"
assisted-pull-up-034,How do I ensure I'm using the right amount of assistance weight on the Assisted Pull-Up Machine?
ab-crunch-machine-035,What is the proper way to use the Ab Crunch Machine for targeting my core muscles?
ab-crunch-machine-035,Can you explain the steps I should follow when using the ab crunch machine?
ab-crunch-machine-035,Which muscle groups are activated when I perform ab crunches using a machine?
ab-crunch-machine-035,"What type of exercise is the Ab Crunch Machine, and how does it differ from other core workouts?"
ab-crunch-machine-035,Are there any tips for using the Ab Crunch Machine without straining my neck or back?
pec-deck-036,What is the correct way to perform a Pec Deck Fly exercise using the machine?
pec-deck-036,Can you tell me which muscle groups are activated when doing the Pec Deck Fly?
pec-deck-036,"What type of exercise is the Pec Deck Fly, and what body part does it focus on?"
pec-deck-036,Could you provide instructions on how to use the machine for the Pec Deck Fly?
pec-deck-036,"Is the Pec Deck Fly considered a strength training exercise, and what equipment do I need for it?"
hack-squat-037,What are the main muscles targeted when performing a hack squat exercise?
hack-squat-037,Can you provide detailed instructions on how to properly use the hack squat machine?
hack-squat-037,"What type of exercise is the hack squat, and what part of the body does it focus on?"
hack-squat-037,"Is the hack squat a compound exercise, and what equipment do I need to perform it?"
hack-squat-037,How do I ensure proper form while using the hack squat machine for leg workouts?
smith-machine-squat-038,What is the correct way to perform a Smith Machine Squat?
smith-machine-squat-038,Which muscle groups are primarily targeted when doing a Smith Machine Squat?
smith-machine-squat-038,Can you explain how to properly set up and execute a Smith Machine Squat?
smith-machine-squat-038,What type of equipment do I need to perform a Smith Machine Squat?
smith-machine-squat-038,Is the Smith Machine Squat a good exercise for strengthening my legs?
kettlebell-swing-039,What is the Kettlebell Swing and how does it benefit my full body workout?
kettlebell-swing-039,Can you explain the proper technique for performing a Kettlebell Swing?
kettlebell-swing-039,What muscle groups are targeted when doing Kettlebell Swings?
kettlebell-swing-039,"Is the Kettlebell Swing considered a strength exercise, and what equipment do I need?"
kettlebell-swing-039,How should I position my body while performing a Kettlebell Swing to avoid injury?
goblet-squat-040,What is the Goblet Squat exercise and which muscles does it target?
goblet-squat-040,Can you explain how to properly perform a Goblet Squat?
goblet-squat-040,What type of equipment do I need for doing a Goblet Squat?
goblet-squat-040,"Is the Goblet Squat a compound exercise, and if so, what does that mean?"
goblet-squat-040,What body parts are primarily worked when doing a Goblet Squat?
incline-push-up-041,What is the proper way to perform an Incline Push-Up for strength training?
incline-push-up-041,Can you explain the muscle groups that are activated when doing an Incline Push-Up?
incline-push-up-041,What equipment do I need to effectively do Incline Push-Ups?
incline-push-up-041,Could you give me step-by-step instructions on how to do Incline Push-Ups correctly?
incline-push-up-041,"Is the Incline Push-Up a compound exercise, and what body parts does it target?"
wall-sit-042,What is the proper technique for performing a wall sit exercise?
wall-sit-042,Can you tell me which muscle groups are worked during a wall sit?
wall-sit-042,What type of equipment do I need to do a wall sit exercise?
wall-sit-042,Is a wall sit considered a strength or cardio exercise?
wall-sit-042,How do I make sure I'm doing a wall sit with the correct form?
superman-043,What are the steps to properly perform a Superman exercise for strengthening my back?
superman-043,Can you explain how the Superman exercise targets different muscle groups and what equipment I need?
superman-043,I'm looking for a bodyweight exercise that isolates my lower back and glutes. What do you recommend?
superman-043,What precautions should I take when doing a Superman exercise to avoid injury?
superman-043,How do I ensure I'm executing the Superman exercise with proper form and control?
bird-dog-044,What is a good bodyweight exercise to strengthen my core and lower back?
bird-dog-044,Can you recommend a compound exercise that targets my glutes and shoulders?
bird-dog-044,How do I properly perform the Bird Dog exercise for optimal results?
bird-dog-044,What equipment do I need to do the Bird Dog exercise?
bird-dog-044,Which muscle groups are activated when performing the Bird Dog?
pallof-press-045,"What is the Pallof Press exercise, and what equipment do I need to perform it?"
pallof-press-045,Can you explain the proper form and technique for executing the Pallof Press?
pallof-press-045,Which muscle groups are targeted when performing the Pallof Press?
pallof-press-045,Is the Pallof Press considered a strength exercise or something else?
pallof-press-045,How do I set up my body and the cable machine to start the Pallof Press correctly?
face-pull-046,What is the proper technique for performing a Cable Face Pull exercise?
face-pull-046,Which muscle groups are targeted when doing the Cable Face Pull?
face-pull-046,Can you provide instructions on how to use the cable machine for a Cable Face Pull?
face-pull-046,What type of exercise is the Cable Face Pull and what equipment do I need?
face-pull-046,How do I ensure I'm engaging my shoulders correctly during a Cable Face Pull?
sled-push-047,What are the instructions for performing a sled push exercise correctly?
sled-push-047,Can you tell me which muscle groups are activated when doing a sled push?
sled-push-047,What type of equipment do I need to perform a sled push workout?
sled-push-047,"Is the sled push considered a strength training exercise, and if so, how does it benefit my full body?"
sled-push-047,What is the proper technique for pushing a sled to ensure I get the most out of the workout?
battle-ropes-048,What are the benefits of using battle ropes for my workout routine?
battle-ropes-048,Can you provide me with instructions on how to properly perform battle ropes exercises?
battle-ropes-048,Which muscle groups are activated when doing battle ropes?
battle-ropes-048,"Is battle ropes considered a cardio workout, and how does it affect my full body?"
battle-ropes-048,What is the correct stance and posture I should maintain while using battle ropes?
trx-row-049,"What is the TRX Row exercise, and how does it benefit my back muscles?"
trx-row-049,Can you explain the proper technique for performing a TRX Row?
trx-row-049,What muscle groups are targeted when doing a TRX Row with suspension training?
trx-row-049,"Is the TRX Row considered a compound exercise, and if so, what does that mean?"
trx-row-049,What equipment do I need to perform a TRX Row effectively?
donkey-kick-050,What is the Donkey Kick exercise and what muscles does it target?
donkey-kick-050,Can you provide instructions on how to properly perform the Donkey Kick?
donkey-kick-050,"Is the Donkey Kick considered a strength exercise, and do I need any equipment for it?"
donkey-kick-050,What body parts are primarily engaged when doing the Donkey Kick exercise?
donkey-kick-050,How do I ensure I maintain proper form while performing the Donkey Kick to avoid injury?
